image	leaf.number	leaf.surface	lesion.nb	lesion.surface	pourcent.lesions
IMG_5583	1	494010	42	43181	8.74091617578591
IMG_5593	1	0	0	0	NA
IMG_5593	2	0	0	0	NA
IMG_5593	3	614583	73	78029	12.6962509538988
IMG_5593	4	0	0	0	NA
IMG_5598	1	0	0	0	NA
IMG_5598	3	440	68	29065	6605.68181818182
IMG_5605	1	0	0	0	NA
IMG_5605	1	986185	24	26125	2.64909727890812
