image	keepLesion	object	s.area	s.perimeter	s.radius.mean	s.radius.sd	s.radius.min	s.radius.max	m.cx	m.cy	m.majoraxis	m.eccentricity	m.theta
00-border	keep	2	117	36	5.78879718424195	1.46613416232443	3.16776296812472	8.49714004173694	346.418803418803	251.769230769231	16.9288759899074	0.849428830007484	0.282116924211313
00-border	keep	3	50	21	3.55317210030907	0.504763924710896	2.81597322704237	4.35629708158646	418.18	337.16	9.31537955399951	0.682328186660771	0.174277228345888
00-border	keep	4	32	18	2.73396801036506	0.494524742322997	1.97280898939609	3.4964708839021	477.25	358.9375	7.62713326264005	0.711012918812593	0.0768093950200827
00-border	keep	5	75	30	4.55806598980697	1.05495181001498	2.53859103528795	6.86375342732466	491.066666666667	363.386666666667	12.9899517039063	0.815074238942344	0.401616773623604
00-border	keep	6	27	16	2.54787720271081	0.67641740804518	1.45371291870163	3.75676473178718	240.259259259259	419.296296296296	7.86472856476507	0.818585934453518	0.759969420491024
00-border	keep	7	58	25	3.86068284782491	0.831822065414571	2.46641440151488	5.5500630627048	370.551724137931	435.51724137931	10.9005893971689	0.768878436305274	0.182507718937965
