image	leaf.number	lesion.status	lesion.number	lesion.surface	lesion.perimeter	lesion.radius.mean	lesion.radius.sd	lesion.radius.min	lesion.radius.max	leaf.surface	m.cx	m.cy	m.majoraxis	m.eccentricity	m.theta
01_cuba5_dpi42_1	1	keep	3	209	54	8.08364753702984	2.89522912525823	3.64819514916142	12.5245711863489	302500	409.349282296651	103.832535885167	27.1512177915466	0.930548906553974	-1.3498752450707
01_cuba5_dpi42_1	1	keep	6	152	40	6.51480423150522	0.856855194978519	4.65812462263517	8.16689200369394	302500	121.960526315789	222.506578947368	15.7240508698453	0.602242528589759	1.49533886155347
01_cuba5_dpi42_1	1	keep	12	220	53	8.12886805125558	2.06735163809208	4.7171320730567	12.0848577908409	302500	265.927272727273	324.645454545455	23.2574019413148	0.83806710994752	-1.54634578149037
01_cuba5_dpi42_1	1	keep	15	294	65	9.87350769206498	3.22251688676767	4.51901963500254	16.0078826736177	302500	148.442176870748	375.353741496599	30.3312612648247	0.90540314076087	-1.34385771098473
