image	leaf.number	lesion.status	lesion.number	lesion.surface	lesion.perimeter	lesion.radius.mean	lesion.radius.sd	lesion.radius.min	lesion.radius.max	leaf.surface	m.cx	m.cy	m.majoraxis	m.eccentricity	m.theta
01_cuba5_dpi42_5	1	keep	20	128	40	6.12950024610685	1.67532884323527	4.00281151192509	9.4033238804159	302489	67.0859375	480.0234375	18.4209041628278	0.875399123097313	-0.0352443545726559
