image	leaf.number	leaf.surface	lesion.nb	lesion.surface	pourcent.lesions
testCut_0	1	367327	113	6344	1.72707151938191
testCut_1	1	370067	100	7755	2.09556647850254
testCut_2	1	366426	66	3126	0.853105401909253
testCut_3	1	371913	86	5539	1.48932680492481
testCut_4	1	373240	4	84	0.0225056264066017
